<?xml version="1.0" encoding="UTF-8"?>
<project-private xmlns="http://www.netbeans.org/ns/project-private/1">
    <editor-bookmarks xmlns="http://www.netbeans.org/ns/editor-bookmarks/2" lastBookmarkId="0"/>
    <open-files xmlns="http://www.netbeans.org/ns/projectui-open-files/2">
        <group>
            <file>file:/C:/Users/zeroc/OneDrive/Documentos/GitHub/MP-Practica/src/practica/Esbirro.java</file>
            <file>file:/C:/Users/zeroc/OneDrive/Documentos/GitHub/MP-Practica/src/practica/Humano.java</file>
            <file>file:/C:/Users/zeroc/OneDrive/Documentos/GitHub/MP-Practica/src/practica/Alijo.java</file>
            <file>file:/C:/Users/zeroc/OneDrive/Documentos/GitHub/MP-Practica/src/practica/Disciplina.java</file>
            <file>file:/C:/Users/zeroc/OneDrive/Documentos/GitHub/MP-Practica/src/practica/Personaje.java</file>
            <file>file:/C:/Users/zeroc/OneDrive/Documentos/GitHub/MP-Practica/src/practica/MAIN.java</file>
            <file>file:/C:/Users/zeroc/OneDrive/Documentos/GitHub/MP-Practica/src/practica/Ghoul.java</file>
            <file>file:/C:/Users/zeroc/OneDrive/Documentos/GitHub/MP-Practica/src/practica/Arma_Dura.java</file>
            <file>file:/C:/Users/zeroc/OneDrive/Documentos/GitHub/MP-Practica/src/practica/Inicio.java</file>
            <file>file:/C:/Users/zeroc/OneDrive/Documentos/GitHub/MP-Practica/src/practica/Jugador.java</file>
            <file>file:/C:/Users/zeroc/OneDrive/Documentos/GitHub/MP-Practica/src/practica/Vampiro.java</file>
            <file>file:/C:/Users/zeroc/OneDrive/Documentos/GitHub/MP-Practica/src/practica/Talento.java</file>
            <file>file:/C:/Users/zeroc/OneDrive/Documentos/GitHub/MP-Practica/src/practica/Demonio.java</file>
            <file>file:/C:/Users/zeroc/OneDrive/Documentos/GitHub/MP-Practica/src/practica/Licantropo.java</file>
        </group>
    </open-files>
</project-private>
