<?xml version="1.0" encoding="UTF-8"?>
<project-private xmlns="http://www.netbeans.org/ns/project-private/1">
    <editor-bookmarks xmlns="http://www.netbeans.org/ns/editor-bookmarks/2" lastBookmarkId="0"/>
    <open-files xmlns="http://www.netbeans.org/ns/projectui-open-files/2">
        <group>
            <file>file:/C:/Users/amand/Escritorio/Uni/Estudios/Segundo/POO/RecuPractica/PracticaPoo/src/practicapoo/Film.java</file>
            <file>file:/C:/Users/amand/Escritorio/Uni/Estudios/Segundo/POO/RecuPractica/PracticaPoo/src/practicapoo/Session.java</file>
            <file>file:/C:/Users/amand/Escritorio/Uni/Estudios/Segundo/POO/RecuPractica/PracticaPoo/src/practicapoo/MainMenu.java</file>
            <file>file:/C:/Users/amand/Escritorio/Uni/Estudios/Segundo/POO/RecuPractica/PracticaPoo/src/practicapoo/Operation.java</file>
            <file>file:/C:/Users/amand/Escritorio/Uni/Estudios/Segundo/POO/RecuPractica/PracticaPoo/src/practicapoo/Seat.java</file>
            <file>file:/C:/Users/amand/Escritorio/Uni/Estudios/Segundo/POO/RecuPractica/PracticaPoo/src/practicapoo/Theater.java</file>
            <file>file:/C:/Users/amand/Escritorio/Uni/Estudios/Segundo/POO/RecuPractica/PracticaPoo/src/practicapoo/Cinema.java</file>
            <file>file:/C:/Users/amand/Escritorio/Uni/Estudios/Segundo/POO/RecuPractica/PracticaPoo/src/practicapoo/PerformPayment.java</file>
            <file>file:/C:/Users/amand/Escritorio/Uni/Estudios/Segundo/POO/RecuPractica/PracticaPoo/src/practicapoo/MultiplexState.java</file>
            <file>file:/C:/Users/amand/Escritorio/Uni/Estudios/Segundo/POO/RecuPractica/PracticaPoo/src/practicapoo/IdiomSelection.java</file>
            <file>file:/C:/Users/amand/Escritorio/Uni/Estudios/Segundo/POO/RecuPractica/PracticaPoo/src/practicapoo/Multiplex.java</file>
            <file>file:/C:/Users/amand/Escritorio/Uni/Estudios/Segundo/POO/RecuPractica/PracticaPoo/src/practicapoo/MovieTicketSale.java</file>
        </group>
    </open-files>
</project-private>
